quote_date,underlying_price
9/23/2008,1194.34
9/24/2008,1182.84
9/25/2008,1210.9
9/26/2008,1211.01
9/29/2008,1134.14
9/30/2008,1161.81
10/1/2008,1161.28
10/2/2008,1114.62
10/3/2008,1101.81
10/6/2008,1049.54
10/7/2008,1007.55
10/8/2008,1008.16
10/9/2008,921.31
10/10/2008,914.63
10/13/2008,982.62
10/14/2008,999.41
10/15/2008,927.51
10/16/2008,936.43
10/17/2008,955.17
10/20/2008,973.63
10/21/2008,961.45
10/22/2008,881.39
10/23/2008,894.76
10/24/2008,884.91
10/27/2008,868.73
10/28/2008,918.03
10/29/2008,962.44
10/30/2008,942.27
10/31/2008,962.15
11/3/2008,967.69
11/4/2008,1002.88
11/5/2008,956.77
11/6/2008,906.02
11/7/2008,921.17
11/10/2008,914.46
11/11/2008,893.63
11/12/2008,858.3
11/13/2008,898.68
11/14/2008,889.19
11/17/2008,864.1
11/18/2008,844.57
11/19/2008,813.9
11/20/2008,755.82
11/21/2008,781.79
11/24/2008,864.98
11/25/2008,863.85
11/26/2008,880.44
11/28/2008,896.24
12/1/2008,823.72
12/2/2008,840.17
12/3/2008,865.98
12/4/2008,840.75
12/5/2008,874.27
12/8/2008,911.84
12/9/2008,891.82
12/10/2008,897.04
12/11/2008,873.47
12/12/2008,875.97
12/15/2008,870.74
12/16/2008,911.34
12/17/2008,910.33
12/18/2008,882.64
12/19/2008,886.73
12/22/2008,863.73
12/23/2008,862.87
12/24/2008,868.15
12/26/2008,873.03
12/29/2008,867.79
12/30/2008,886.24
12/31/2008,906.75
1/2/2009,933.41
1/5/2009,925.78
1/6/2009,934.6
1/7/2009,904.44
1/8/2009,906.91
1/9/2009,895.62
1/12/2009,866.87
1/13/2009,873.01
1/14/2009,840.34
1/15/2009,833.98
1/16/2009,850.05
1/20/2009,808.53
1/21/2009,835.22
1/22/2009,829.92
1/23/2009,830.09
1/26/2009,835.36
1/27/2009,846.61
1/28/2009,869.99
1/29/2009,846.56
1/30/2009,826
2/2/2009,828.7
2/3/2009,837.95
2/4/2009,834.05
2/5/2009,847.41
2/6/2009,869.12
2/9/2009,869.78
2/10/2009,825.83
2/11/2009,829.95
2/12/2009,831.76
2/13/2009,833.5
2/17/2009,796.04
2/18/2009,788.97
2/19/2009,780.92
2/20/2009,766.49
2/23/2009,745.76
2/24/2009,772.67
2/25/2009,773.11
2/26/2009,757.26
2/27/2009,740.1
3/2/2009,701.12
3/3/2009,695.7
3/4/2009,719.14
3/5/2009,679.13
3/6/2009,677.84
3/9/2009,675.21
3/10/2009,715.09
3/11/2009,727.32
3/12/2009,750.48
3/13/2009,756.19
3/16/2009,754.99
3/17/2009,772.74
3/18/2009,790.41
3/19/2009,785.36
3/20/2009,772.48
3/23/2009,815.89
3/24/2009,812.19
3/25/2009,803.85
3/26/2009,831.24
3/27/2009,817.41
3/30/2009,784.79
3/31/2009,800.19
4/2/2008,1366.09
4/3/2008,1368.5
4/4/2008,1369.35
4/7/2008,1372.19
4/8/2008,1366.75
4/9/2008,1356.18
4/10/2008,1357.16
4/11/2008,1331.49
4/14/2008,1329.05
4/15/2008,1331.89
4/16/2008,1362.55
4/17/2008,1367.27
4/18/2008,1388.19
4/21/2008,1389.37
4/22/2008,1374.32
4/23/2008,1379.19
4/24/2008,1388.69
4/25/2008,1395.87
4/28/2008,1398.38
4/29/2008,1392.82
4/30/2008,1388.64
5/1/2008,1406
5/2/2008,1412.55
5/5/2008,1406.94
5/6/2008,1418.86
5/7/2008,1395.55
5/8/2008,1395.21
5/9/2008,1391.19
5/12/2008,1402.18
5/13/2008,1402.07
5/14/2008,1408.17
5/15/2008,1422.09
5/16/2008,1425.11
5/19/2008,1424.14
5/20/2008,1410.9
5/21/2008,1390.53
5/22/2008,1392.69
5/23/2008,1377.99
5/27/2008,1385.94
5/28/2008,1386.93
5/29/2008,1398.2
5/30/2008,1401.82
6/2/2008,1385.21
6/3/2008,1380.26
6/4/2008,1373.87
6/5/2008,1401.12
6/6/2008,1365.12
6/9/2008,1361.52
6/10/2008,1359.1
6/11/2008,1338.46
6/12/2008,1335.36
6/13/2008,1352.99
6/16/2008,1360.15
6/17/2008,1351.27
6/18/2008,1337.9
6/19/2008,1344.05
6/20/2008,1318.69
6/23/2008,1317.27
6/24/2008,1315.53
6/25/2008,1324.17
6/26/2008,1288.64
6/27/2008,1282.13
6/30/2008,1287.06
7/1/2008,1281.41
7/2/2008,1265.23
7/3/2008,1262.9
7/7/2008,1259.64
7/8/2008,1269.78
7/9/2008,1246.17
7/10/2008,1248.17
7/11/2008,1236.95
7/14/2008,1233.66
7/15/2008,1218.55
7/16/2008,1242.33
7/17/2008,1255.69
7/18/2008,1259.23
7/21/2008,1257.82
7/22/2008,1274.53
7/23/2008,1279.19
7/24/2008,1252.58
7/25/2008,1253.65
7/28/2008,1237.42
7/29/2008,1260.17
7/30/2008,1283.84
7/31/2008,1270.16
8/1/2008,1264.37
8/4/2008,1248.42
8/5/2008,1281.95
8/6/2008,1288.34
8/7/2008,1265.12
8/8/2008,1297.31
8/11/2008,1301.65
8/12/2008,1288.13
8/13/2008,1283.05
8/14/2008,1292.49
8/15/2008,1298.06
8/18/2008,1275.7
8/19/2008,1265.81
8/20/2008,1273.35
8/21/2008,1280.23
8/22/2008,1290.83
8/25/2008,1265.72
8/26/2008,1269.03
8/27/2008,1278.52
8/28/2008,1298.71
8/29/2008,1285.99
9/2/2008,1275.03
9/3/2008,1272.76
9/4/2008,1241.15
9/5/2008,1242.33
9/8/2008,1265.73
9/9/2008,1231.39
9/10/2008,1235.51
9/11/2008,1237.2
9/12/2008,1247.87
9/15/2008,1210.21
9/16/2008,1207.74
9/17/2008,1169.45
9/18/2008,1206.66
9/19/2008,1249.38
9/22/2008,1208.04
4/1/2009,811.88
4/2/2009,837.53
4/3/2009,836.86
4/6/2009,832.61
4/7/2009,821.53
4/8/2009,822.49
4/9/2009,852.92
4/13/2009,864.31
4/14/2009,843.28
4/15/2009,846.68
4/16/2009,865.46
4/17/2009,874.42
4/20/2009,835.68
4/21/2009,844.4
4/22/2009,850.35
4/23/2009,847.12
4/24/2009,870.23
4/27/2009,860.93
4/28/2009,855.8
4/29/2009,872.97
4/30/2009,874.48
5/1/2009,874.74
5/4/2009,901.96
5/5/2009,903.72
5/6/2009,916.52
5/7/2009,905.85
5/8/2009,927.56
5/11/2009,911.53
5/12/2009,908.35
5/13/2009,884.55
5/14/2009,893.13
5/15/2009,884.56
5/18/2009,905.29
5/19/2009,911.34
5/20/2009,902
5/21/2009,884.72
5/22/2009,892.44
5/26/2009,907.9
5/27/2009,894.24
5/28/2009,906.55
5/29/2009,912.46
6/1/2009,945.39
6/2/2009,947.65
6/3/2009,926.97
6/4/2009,940.03
6/5/2009,941.12
6/8/2009,942.48
6/9/2009,944.73
6/10/2009,937.13
6/11/2009,947.87
6/12/2009,943.09
6/15/2009,923.26
6/16/2009,916.58
6/17/2009,911.43
6/18/2009,918.84
6/19/2009,922.64
6/22/2009,896
6/23/2009,895.18
6/24/2009,898.91
6/25/2009,915.04
6/26/2009,921.67
6/29/2009,926.15
6/30/2009,919.92
7/1/2009,923.82
7/2/2009,899.61
7/6/2009,894.82
7/7/2009,883.05
7/8/2009,879.06
7/9/2009,882.31
7/10/2009,877.81
7/13/2009,899.85
7/14/2009,905.45
7/15/2009,931.77
7/16/2009,942.57
7/17/2009,938.25
7/20/2009,949.86
7/21/2009,951.88
7/22/2009,953.27
7/23/2009,978.36
7/24/2009,977.12
7/27/2009,979.43
7/28/2009,978.6
7/29/2009,974.36
7/30/2009,986.39
7/31/2009,987.99
8/3/2009,1000.76
8/4/2009,1001.51
8/5/2009,1003.03
8/6/2009,997.47
8/7/2009,1012.21
8/10/2009,1005.58
8/11/2009,998.76
8/12/2009,1009.21
8/13/2009,1011.59
8/14/2009,1000.5
8/17/2009,980.06
8/18/2009,989.98
8/19/2009,995.52
8/20/2009,1007.55
8/21/2009,1026.11
8/24/2009,1023.96
8/25/2009,1028.99
8/26/2009,1026.26
8/27/2009,1030.6
8/28/2009,1027.4
8/31/2009,1018.26
9/1/2009,997.77
9/2/2009,997.53
9/3/2009,1000.25
9/4/2009,1014.85
9/8/2009,1024.85
9/9/2009,1031.77
9/10/2009,1042.5
9/11/2009,1044.88
9/14/2009,1048.74
9/15/2009,1052.36
9/16/2009,1067.16
9/17/2009,1066.01
9/18/2009,1069.44
9/21/2009,1064.37
9/22/2009,1071.75
9/23/2009,1068.05
9/24/2009,1051.24
9/25/2009,1044.91
9/28/2009,1061.83
9/29/2009,1062.27
9/30/2009,1054.92
10/1/2009,1034.85
10/2/2009,1026.68
10/5/2009,1040.25
10/6/2009,1053.47
10/7/2009,1056.24
10/8/2009,1065.75
10/9/2009,1070.34
10/12/2009,1074.41
10/13/2009,1073.21
10/14/2009,1092.05
10/15/2009,1093.56
10/16/2009,1089.76
10/19/2009,1097.85
10/20/2009,1091.13
10/21/2009,1082.03
10/22/2009,1092.74
10/23/2009,1077.83
10/26/2009,1067.33
10/27/2009,1065.73
10/28/2009,1044.15
10/29/2009,1063.15
10/30/2009,1040.04
11/2/2009,1042.11
11/3/2009,1043.59
11/4/2009,1048.98
11/5/2009,1064.18
11/6/2009,1068.96
11/9/2009,1090.28
11/10/2009,1092.15
11/11/2009,1096.91
11/12/2009,1085.59
11/13/2009,1093.88
11/16/2009,1107.16
11/17/2009,1109.39
11/18/2009,1107.97
11/19/2009,1095.38
11/20/2009,1093.13
11/23/2009,1104.02
11/24/2009,1104.61
11/25/2009,1110.03
11/27/2009,1091.49
11/30/2009,1095
12/1/2009,1109.12
12/2/2009,1109.33
12/3/2009,1102.83
12/4/2009,1104.21
12/7/2009,1105.01
12/8/2009,1092.64
12/9/2009,1095.25
12/10/2009,1101.69
12/11/2009,1105.59
12/14/2009,1113.43
12/15/2009,1105.83
12/16/2009,1109.66
12/17/2009,1099.22
12/18/2009,1100.13
12/21/2009,1113.45
12/22/2009,1117.3
12/23/2009,1120.24
12/24/2009,1126.48
12/28/2009,1125.85
12/29/2009,1127.51
12/30/2009,1125.25
12/31/2009,1119.64
1/4/2010,1132.12
1/5/2010,1135.59
1/6/2010,1136.91
1/7/2010,1142.16
1/8/2010,1144.28
1/11/2010,1147.76
1/12/2010,1133.15
1/13/2010,1146.71
1/14/2010,1148.82
1/15/2010,1136.29
1/19/2010,1149.06
1/20/2010,1137.91
1/21/2010,1117.53
1/22/2010,1093.91
1/25/2010,1098.32
1/26/2010,1091.83
1/27/2010,1098.17
1/28/2010,1089.28
1/29/2010,1076.93
2/1/2010,1086.89
2/2/2010,1102.63
2/3/2010,1099.03
2/4/2010,1066.29
2/5/2010,1064.54
2/8/2010,1061.98
2/9/2010,1072.15
2/10/2010,1066.91
2/11/2010,1078.04
2/12/2010,1075.1
2/16/2010,1095.67
2/17/2010,1099
2/18/2010,1107.37
2/19/2010,1109.97
2/22/2010,1107.42
2/23/2010,1096.46
2/24/2010,1104.09
2/25/2010,1102.41
2/26/2010,1105.79
3/1/2010,1114.61
3/2/2010,1116.62
3/3/2010,1120.16
3/4/2010,1122.8
3/5/2010,1137.92
3/8/2010,1139.56
3/9/2010,1140.38
3/10/2010,1143.75
3/11/2010,1148.16
3/12/2010,1149.66
3/15/2010,1149.58
3/16/2010,1158.51
3/17/2010,1164.14
3/18/2010,1164.9
3/19/2010,1156.81
3/22/2010,1166.61
3/23/2010,1174.03
3/24/2010,1169.55
3/25/2010,1169.69
3/26/2010,1165.69
3/29/2010,1173.57
3/30/2010,1174
3/31/2010,1169.62
4/1/2010,1175.65
4/5/2010,1185.43
4/6/2010,1189.9
4/7/2010,1180.41
4/8/2010,1187.47
4/9/2010,1192.17
4/12/2010,1195.96
4/13/2010,1198.24
4/14/2010,1209.87
4/15/2010,1210.74
4/16/2010,1195.59
4/19/2010,1194.7
4/20/2010,1207.44
4/21/2010,1205.04
4/22/2010,1209.12
4/23/2010,1214.54
4/26/2010,1213.24
4/27/2010,1188.78
4/28/2010,1191.13
4/29/2010,1206.85
4/30/2010,1188.7
5/3/2010,1156.81
5/4/2010,1156.81
5/5/2010,1156.81
5/6/2010,1156.81
5/7/2010,1156.81
5/10/2010,1156.81
5/11/2010,1156.81
5/12/2010,1156.81
5/13/2010,1156.81
5/14/2010,1156.81
2/21/2007,1457.55
2/22/2007,1455.24
2/23/2007,1452.07
2/26/2007,1448.47
2/27/2007,1402.96
2/28/2007,1408.59
3/1/2007,1403.97
3/2/2007,1391.14
3/5/2007,1378.29
3/6/2007,1394.9
3/7/2007,1395.4
3/8/2007,1402.64
3/9/2007,1403.74
3/12/2007,1405.05
3/13/2007,1380.92
3/14/2007,1383.53
3/15/2007,1392.09
3/16/2007,1387.32
3/19/2007,1401.31
3/20/2007,1410.34
3/21/2007,1433.47
3/22/2007,1433.65
3/23/2007,1436.38
3/26/2007,1436.43
3/27/2007,1430.12
3/28/2007,1419.77
3/29/2007,1423.13
3/30/2007,1420.67
4/2/2007,1424.51
4/3/2007,1438.2
4/4/2007,1439.4
4/5/2007,1443.01
4/9/2007,1445.9
4/10/2007,1448.3
4/11/2007,1439.28
4/12/2007,1446.88
4/13/2007,1452.63
4/16/2007,1467.73
4/17/2007,1471.2
4/18/2007,1474.91
4/19/2007,1470.75
4/20/2007,1482.46
4/23/2007,1482.02
4/24/2007,1480.69
4/25/2007,1496.01
4/26/2007,1495.41
4/27/2007,1492.62
4/30/2007,1485.08
5/1/2007,1486.01
5/2/2007,1495.5
5/3/2007,1501.38
5/4/2007,1503.94
5/7/2007,1509.13
5/8/2007,1507.97
5/9/2007,1512.74
5/10/2007,1492.78
5/11/2007,1504.38
5/14/2007,1502.26
5/15/2007,1503.06
5/16/2007,1512.89
5/17/2007,1513.57
5/18/2007,1521.46
5/21/2007,1525.05
5/22/2007,1525.98
5/23/2007,1524.41
5/24/2007,1505.96
5/25/2007,1515.01
5/29/2007,1518.07
5/30/2007,1528.98
5/31/2007,1531.06
6/1/2007,1535.09
6/4/2007,1539.51
6/5/2007,1531.63
6/6/2007,1520.23
6/7/2007,1495.09
6/8/2007,1506.27
6/11/2007,1510.09
6/12/2007,1494.08
6/13/2007,1513.36
6/14/2007,1524.89
6/15/2007,1532.96
6/18/2007,1532.58
6/19/2007,1534.61
6/20/2007,1517.14
6/21/2007,1521.27
6/22/2007,1500.98
6/25/2007,1497.36
6/26/2007,1493.11
6/27/2007,1505.7
6/28/2007,1507.38
6/29/2007,1501.61
7/2/2007,1517.27
7/3/2007,1524.87
7/5/2007,1524.86
7/6/2007,1531.27
7/9/2007,1532.97
7/10/2007,1510.7
7/11/2007,1516.69
7/12/2007,1545.3
7/13/2007,1554.66
7/16/2007,1548.61
7/17/2007,1550.66
7/18/2007,1541.25
7/19/2007,1552.97
7/20/2007,1533.93
7/23/2007,1542.67
7/24/2007,1509.59
7/25/2007,1517.28
7/26/2007,1478.14
7/27/2007,1469.02
7/30/2007,1474.94
7/31/2007,1461.96
8/1/2007,1455.8
8/2/2007,1470.63
8/3/2007,1444.42
8/6/2007,1460.52
8/7/2007,1483.62
8/8/2007,1482.07
8/9/2007,1465.36
8/10/2007,1454.18
8/13/2007,1459.35
8/14/2007,1430.8
8/15/2007,1412.55
8/16/2007,1406.84
8/17/2007,1446.66
8/20/2007,1447.91
8/21/2007,1448.16
8/22/2007,1463.63
8/23/2007,1460.88
8/24/2007,1479
8/27/2007,1471.54
8/28/2007,1435.81
8/29/2007,1460.26
8/30/2007,1455.31
8/31/2007,1481.47
9/4/2007,1491.06
9/5/2007,1472.07
9/6/2007,1477.97
9/7/2007,1450.95
9/10/2007,1456.64
9/11/2007,1466.08
9/12/2007,1473.25
9/13/2007,1484.06
9/14/2007,1484.74
9/17/2007,1476.57
9/18/2007,1518.24
9/19/2007,1529.84
9/20/2007,1520.8
9/21/2007,1526.88
9/24/2007,1518.11
9/25/2007,1514.99
9/26/2007,1525.63
9/27/2007,1530.91
9/28/2007,1524.98
10/1/2007,1544.04
10/2/2007,1546.34
10/3/2007,1538.09
10/4/2007,1542.68
10/5/2007,1557.17
10/8/2007,1552.12
10/9/2007,1562.74
10/10/2007,1562.96
10/11/2007,1554.6
10/12/2007,1559.7
10/15/2007,1547.27
10/16/2007,1540.42
10/17/2007,1538.09
10/18/2007,1539.78
10/19/2007,1504.93
10/22/2007,1503.28
10/23/2007,1517.9
10/24/2007,1510.92
10/25/2007,1517.4
10/26/2007,1534.97
10/29/2007,1541.08
10/30/2007,1531.8
10/31/2007,1546.47
11/1/2007,1513.89
11/2/2007,1508.58
11/5/2007,1503.18
11/6/2007,1516.74
11/7/2007,1485.86
11/8/2007,1478.54
11/9/2007,1461.37
11/12/2007,1445.88
11/13/2007,1478.12
11/14/2007,1476.26
11/15/2007,1447.25
11/16/2007,1452.4
11/19/2007,1432.39
11/20/2007,1443.01
11/21/2007,1422.85
11/23/2007,1440.7
11/26/2007,1416.75
11/27/2007,1424.46
11/28/2007,1466.99
11/29/2007,1469.65
11/30/2007,1478.68
12/3/2007,1475.48
12/4/2007,1464.09
12/5/2007,1485.29
12/6/2007,1504.56
12/7/2007,1504.28
12/10/2007,1514.54
12/11/2007,1480.94
12/12/2007,1474.32
12/13/2007,1486.13
12/14/2007,1470.82
12/17/2007,1450.95
12/18/2007,1458.87
12/19/2007,1456.28
12/20/2007,1456.82
12/21/2007,1482.99
12/24/2007,1496.45
12/26/2007,1496.68
12/27/2007,1479.11
12/28/2007,1478.11
12/31/2007,1472.94
1/2/2008,1447.91
1/3/2008,1446.82
1/4/2008,1414.58
1/7/2008,1409.22
1/8/2008,1400.25
1/9/2008,1403.83
1/10/2008,1422.32
1/11/2008,1402.93
1/14/2008,1417.02
1/15/2008,1388.02
1/16/2008,1375.45
1/17/2008,1335.76
1/18/2008,1323.5
1/22/2008,1314.72
1/23/2008,1331.85
1/24/2008,1351.07
1/25/2008,1338.05
1/28/2008,1352.54
1/29/2008,1361.35
1/30/2008,1361.1
1/31/2008,1383.26
2/1/2008,1395.63
2/4/2008,1383.8
2/5/2008,1340.48
2/6/2008,1327.62
2/7/2008,1330.57
2/8/2008,1332.72
2/11/2008,1336.4
2/12/2008,1343.03
2/13/2008,1368.41
2/14/2008,1352.15
2/15/2008,1346.43
2/19/2008,1350.67
2/20/2008,1357.68
2/21/2008,1341.63
2/22/2008,1343.47
2/25/2008,1372.11
2/26/2008,1379.79
2/27/2008,1379.76
2/28/2008,1368.09
2/29/2008,1329.51
3/3/2008,1329.02
3/4/2008,1328.09
3/5/2008,1329.28
3/6/2008,1310.19
3/7/2008,1295.54
3/10/2008,1276.38
3/11/2008,1311.71
3/12/2008,1309.51
3/13/2008,1318.98
3/14/2008,1286.83
3/17/2008,1286.3
3/18/2008,1325.25
3/19/2008,1306.06
3/20/2008,1325.39
3/24/2008,1350.34
3/25/2008,1353.39
3/26/2008,1339.37
3/27/2008,1327.67
3/28/2008,1315.3
3/31/2008,1325.9
4/1/2008,1366.91
12/18/2006,1422.21
12/19/2006,1425.54
12/20/2006,1424.79
12/21/2006,1418.37
12/22/2006,1413.57
12/26/2006,1417.69
12/27/2006,1426.48
12/28/2006,1425.74
12/29/2006,1420.87
1/3/2007,1414.67
1/4/2007,1421.03
1/5/2007,1409.9
1/8/2007,1413.5
1/9/2007,1413.91
1/10/2007,1415.88
1/11/2007,1424.45
1/12/2007,1430.59
1/16/2007,1431.59
1/17/2007,1429.93
1/18/2007,1426.15
1/19/2007,1430.26
1/22/2007,1423.86
1/23/2007,1427.02
1/24/2007,1439.46
1/25/2007,1423.35
1/26/2007,1423.36
1/29/2007,1420.88
1/30/2007,1427.98
1/31/2007,1439.48
2/1/2007,1446.25
2/2/2007,1448.36
2/5/2007,1447.07
2/6/2007,1447.6
2/7/2007,1448.64
2/8/2007,1447.04
2/9/2007,1437.55
2/12/2007,1433.51
2/13/2007,1444.1
2/14/2007,1456.16
2/15/2007,1456.9
2/16/2007,1454.95
2/20/2007,1460.41
1/2/2004,#N/A
1/5/2004,#N/A
1/6/2004,#N/A
1/7/2004,#N/A
1/8/2004,#N/A
1/9/2004,#N/A
1/12/2004,#N/A
1/13/2004,#N/A
1/14/2004,#N/A
1/15/2004,#N/A
1/16/2004,#N/A
1/20/2004,#N/A
1/21/2004,#N/A
1/22/2004,#N/A
1/23/2004,#N/A
1/26/2004,#N/A
1/27/2004,#N/A
1/28/2004,#N/A
1/29/2004,#N/A
1/30/2004,#N/A
2/2/2004,#N/A
2/3/2004,#N/A
2/4/2004,#N/A
2/5/2004,#N/A
2/6/2004,#N/A
2/9/2004,#N/A
2/10/2004,#N/A
2/11/2004,#N/A
2/12/2004,#N/A
2/13/2004,#N/A
2/17/2004,#N/A
2/18/2004,#N/A
2/19/2004,#N/A
2/20/2004,#N/A
2/23/2004,#N/A
2/24/2004,#N/A
2/25/2004,#N/A
2/26/2004,#N/A
2/27/2004,#N/A
3/1/2004,#N/A
3/2/2004,#N/A
3/3/2004,#N/A
3/4/2004,#N/A
3/5/2004,#N/A
3/8/2004,#N/A
3/9/2004,#N/A
3/10/2004,#N/A
3/11/2004,#N/A
3/12/2004,#N/A
3/15/2004,#N/A
3/16/2004,#N/A
3/17/2004,#N/A
3/18/2004,#N/A
3/19/2004,#N/A
3/22/2004,#N/A
3/23/2004,#N/A
3/24/2004,#N/A
3/25/2004,#N/A
3/26/2004,#N/A
3/29/2004,#N/A
3/30/2004,#N/A
3/31/2004,#N/A
4/1/2004,#N/A
4/2/2004,#N/A
4/5/2004,#N/A
4/6/2004,#N/A
4/7/2004,#N/A
4/8/2004,#N/A
4/12/2004,#N/A
4/13/2004,#N/A
4/14/2004,#N/A
4/15/2004,#N/A
4/16/2004,#N/A
4/19/2004,#N/A
4/20/2004,#N/A
4/21/2004,#N/A
4/22/2004,#N/A
4/23/2004,#N/A
4/26/2004,#N/A
4/27/2004,#N/A
4/28/2004,#N/A
4/29/2004,#N/A
4/30/2004,#N/A
5/3/2004,#N/A
5/4/2004,#N/A
5/5/2004,#N/A
5/6/2004,#N/A
5/7/2004,#N/A
5/10/2004,#N/A
5/11/2004,#N/A
5/12/2004,#N/A
5/13/2004,#N/A
5/14/2004,#N/A
5/17/2004,#N/A
5/18/2004,#N/A
5/19/2004,#N/A
5/20/2004,#N/A
5/21/2004,#N/A
5/24/2004,#N/A
5/25/2004,#N/A
5/26/2004,#N/A
5/27/2004,#N/A
5/28/2004,#N/A
6/1/2004,#N/A
6/2/2004,#N/A
6/3/2004,#N/A
6/4/2004,#N/A
6/7/2004,#N/A
6/8/2004,#N/A
6/9/2004,#N/A
6/10/2004,#N/A
6/14/2004,#N/A
6/15/2004,#N/A
6/16/2004,#N/A
6/17/2004,#N/A
6/18/2004,#N/A
6/21/2004,#N/A
6/22/2004,#N/A
6/23/2004,#N/A
6/24/2004,#N/A
6/25/2004,#N/A
6/28/2004,#N/A
6/29/2004,#N/A
6/30/2004,#N/A
7/1/2004,#N/A
7/2/2004,#N/A
7/6/2004,#N/A
7/7/2004,#N/A
7/8/2004,#N/A
7/9/2004,#N/A
7/12/2004,#N/A
7/13/2004,#N/A
7/14/2004,#N/A
7/15/2004,#N/A
7/16/2004,#N/A
7/19/2004,#N/A
7/20/2004,#N/A
7/21/2004,#N/A
7/22/2004,#N/A
7/23/2004,#N/A
7/26/2004,#N/A
7/27/2004,#N/A
7/28/2004,#N/A
7/29/2004,#N/A
7/30/2004,#N/A
8/2/2004,#N/A
8/3/2004,#N/A
8/4/2004,#N/A
8/5/2004,#N/A
8/6/2004,#N/A
8/9/2004,#N/A
8/10/2004,#N/A
8/11/2004,#N/A
8/12/2004,#N/A
8/13/2004,#N/A
8/16/2004,#N/A
8/17/2004,#N/A
8/18/2004,#N/A
8/19/2004,#N/A
8/20/2004,#N/A
8/23/2004,#N/A
8/24/2004,#N/A
8/25/2004,#N/A
8/26/2004,#N/A
8/27/2004,#N/A
8/30/2004,#N/A
8/31/2004,#N/A
9/1/2004,#N/A
9/2/2004,#N/A
9/3/2004,#N/A
9/7/2004,#N/A
9/8/2004,#N/A
9/9/2004,#N/A
9/10/2004,1124.52
9/13/2004,1124.86
9/14/2004,1127.72
9/15/2004,1120.38
9/16/2004,1123.49
9/17/2004,1128.94
9/20/2004,1122.17
9/21/2004,1128.95
9/22/2004,1113.98
9/23/2004,1109.45
9/24/2004,1109.92
9/27/2004,1105.13
9/28/2004,1110.69
9/29/2004,1113.64
9/30/2004,1113.84
10/1/2004,1130.04
10/4/2004,1135.45
10/5/2004,1133.45
10/6/2004,1140.15
10/7/2004,1132.4
10/8/2004,1121.05
10/11/2004,1124.03
10/12/2004,1122.03
10/13/2004,1113.19
10/14/2004,1104.29
10/15/2004,1107.68
10/18/2004,1112.31
10/19/2004,1104.81
10/20/2004,1102.7
10/21/2004,1106.53
10/22/2004,1098.04
10/25/2004,1095.23
10/26/2004,1107.13
10/27/2004,1125.38
10/28/2004,1125.95
10/29/2004,1129.71
11/1/2004,1129.25
11/2/2004,1129.26
11/3/2004,1141.67
11/4/2004,1160.31
11/5/2004,1166.44
11/8/2004,1165.3
11/9/2004,1164.5
11/10/2004,1164.29
11/11/2004,1173.58
11/12/2004,1181.97
11/15/2004,1182.25
11/16/2004,1176.86
11/17/2004,1180.13
11/18/2004,1183.72
11/19/2004,1169.93
11/22/2004,1175.41
11/23/2004,1176.13
11/24/2004,1180.81
11/26/2004,1182.65
11/29/2004,1180.07
11/30/2004,1175.26
12/1/2004,1190.18
12/2/2004,1190.48
12/3/2004,1192.45
12/6/2004,1191.82
12/7/2004,1178.42
12/8/2004,1182.54
12/9/2004,1189.31
12/10/2004,1189.51
12/13/2004,1197.78
12/14/2004,1203.47
12/15/2004,1205.99
12/16/2004,1203.88
12/17/2004,1197.13
12/20/2004,1194.49
12/21/2004,1205.11
12/22/2004,1209.64
12/23/2004,1210.71
12/27/2004,1206.89
12/28/2004,1213.1
12/29/2004,1212.73
12/30/2004,1216.24
12/31/2004,1213.73
1/3/2005,1202.21
1/4/2005,1189.86
1/5/2005,1185.33
1/6/2005,1188.99
1/7/2005,1187.45
1/10/2005,1188.76
1/11/2005,1184.79
1/12/2005,1187.53
1/13/2005,1175.8
1/14/2005,1184.85
1/18/2005,1195.04
1/19/2005,1186.25
1/20/2005,1175.14
1/21/2005,1169.38
1/24/2005,1165.68
1/25/2005,1167.87
1/26/2005,1175.48
1/27/2005,1174.5
1/28/2005,1171.53
1/31/2005,1179.82
2/1/2005,1188.23
2/2/2005,1192.39
2/3/2005,1190.25
2/4/2005,1202.19
2/7/2005,1202.18
2/8/2005,1202.78
2/9/2005,1193.23
2/10/2005,1196.99
2/11/2005,1206.36
2/14/2005,1206.81
2/15/2005,1210.08
2/16/2005,1210.33
2/17/2005,1203.53
2/18/2005,1201.89
2/22/2005,1185.84
2/23/2005,1191.83
2/24/2005,1200.04
2/25/2005,1211.7
2/28/2005,1206.22
3/1/2005,1210.62
3/2/2005,1211.24
3/3/2005,1211.94
3/4/2005,1222.08
3/7/2005,1225.59
3/8/2005,1218.63
3/9/2005,1208.39
3/10/2005,1207.52
3/11/2005,1200.19
3/14/2005,1204.62
3/15/2005,1199.8
3/16/2005,1187.63
3/17/2005,1191.38
3/18/2005,1187.95
3/21/2005,1184.31
3/22/2005,1172.68
3/23/2005,1174.43
3/24/2005,1173.52
3/28/2005,1176.26
3/29/2005,1166.06
3/30/2005,1179.32
3/31/2005,1181.57
4/1/2005,1173.26
4/4/2005,1178.22
4/5/2005,1180.52
4/6/2005,1183.71
4/7/2005,1190.07
4/8/2005,1182.01
4/11/2005,1180.86
4/12/2005,1187.86
4/13/2005,1172.97
4/14/2005,1162.48
4/15/2005,1145.95
4/18/2005,1146.72
4/19/2005,1153.31
4/20/2005,1137.02
4/21/2005,1159.18
4/22/2005,1148.07
4/25/2005,1160.85
4/26/2005,1154.33
4/27/2005,1155.65
4/28/2005,1145.84
4/29/2005,1155.92
5/2/2005,1161.22
5/3/2005,1158.05
5/4/2005,1175.72
5/5/2005,1173.67
5/6/2005,1173.16
5/9/2005,1176.45
5/10/2005,1164.24
5/11/2005,1170.5
5/12/2005,1159.8
5/13/2005,1153.85
5/16/2005,1164.8
5/17/2005,1173.14
5/18/2005,1185.47
5/19/2005,1190.27
5/20/2005,1189.72
5/23/2005,1195.04
5/24/2005,1193.84
5/25/2005,1190.46
5/26/2005,1198.39
5/27/2005,1199.56
5/31/2005,1192.36
6/1/2005,1201.36
6/2/2005,1204.43
6/3/2005,1197.25
6/6/2005,1197.76
6/7/2005,1198.37
6/8/2005,1194.54
6/9/2005,1200.87
6/10/2005,1197.5
6/13/2005,1200.55
6/14/2005,1203.03
6/15/2005,1206.32
6/16/2005,1211.42
6/17/2005,1217.42
6/20/2005,1217.45
6/21/2005,1214.04
6/22/2005,1213.71
6/23/2005,1202.51
6/24/2005,1194.76
6/27/2005,1191.28
6/28/2005,1201.54
6/29/2005,1200.51
6/30/2005,1192.7
7/1/2005,1193.21
7/5/2005,1204.93
7/6/2005,1195.02
7/7/2005,1196.73
7/8/2005,1212.32
7/11/2005,1218.67
7/12/2005,1221.96
7/13/2005,1223.67
7/14/2005,1227.78
7/15/2005,1227.77
7/18/2005,1222.7
7/19/2005,1229.84
7/20/2005,1235.91
7/21/2005,1227.91
7/22/2005,1233.71
7/25/2005,1229.48
7/26/2005,1232.25
7/27/2005,1236.75
7/28/2005,1242.98
7/29/2005,1235.19
8/1/2005,1237.44
8/2/2005,1244.05
8/3/2005,1244.27
8/4/2005,1236.47
8/5/2005,1227.37
8/8/2005,1223.34
8/9/2005,1229.5
8/10/2005,1228.15
8/11/2005,1236.96
8/12/2005,1232.81
8/15/2005,1234.17
8/16/2005,1221.7
8/17/2005,1221.88
8/18/2005,1219.63
8/19/2005,1220.81
8/22/2005,1221.39
8/23/2005,1218.18
8/24/2005,1211.61
8/25/2005,1211.64
8/26/2005,1206.97
8/29/2005,1212.48
8/30/2005,1207.18
8/31/2005,1218.46
9/1/2005,1222.03
9/2/2005,1218.79
9/6/2005,1232.46
9/7/2005,1235.71
9/8/2005,1231.42
9/9/2005,1242.06
9/12/2005,1241.08
9/13/2005,1232.17
9/14/2005,1228.07
9/15/2005,1226.77
9/16/2005,1237.86
9/19/2005,1230.15
9/20/2005,1222.56
9/21/2005,1212.13
9/22/2005,1214.97
9/23/2005,1215.59
9/26/2005,1216.36
9/27/2005,1215.68
9/28/2005,1218
9/29/2005,1227.19
9/30/2005,1226.63
10/3/2005,1227.65
10/4/2005,1216.92
10/5/2005,1199.04
10/6/2005,1186.19
10/7/2005,1194.97
10/10/2005,1188.52
10/11/2005,1185.84
10/12/2005,1178.06
10/13/2005,1176.06
10/14/2005,1186.67
10/17/2005,1190.47
10/18/2005,1180.69
10/19/2005,1193.39
10/20/2005,1176.95
10/21/2005,1179.95
10/24/2005,1195.94
10/25/2005,1195.6
10/26/2005,1192.03
10/27/2005,1181.78
10/28/2005,1196.98
10/31/2005,1211.21
11/1/2005,1203.73
11/2/2005,1213.76
11/3/2005,1218.49
11/4/2005,1219.36
11/7/2005,1222.11
11/8/2005,1218.67
11/9/2005,1221.92
11/10/2005,1231.15
11/11/2005,1235.44
11/14/2005,1233.14
11/15/2005,1228.98
11/16/2005,1230.82
11/17/2005,1241.53
11/18/2005,1248.52
11/21/2005,1255.68
11/22/2005,1261.08
11/23/2005,1266.33
11/25/2005,1268.25
11/28/2005,1258.13
11/29/2005,1258.2
11/30/2005,1250.88
12/1/2005,1264.62
12/2/2005,1265.89
12/5/2005,1261.87
12/6/2005,1263.83
12/7/2005,1254.99
12/8/2005,1256.01
12/9/2005,1260.35
12/12/2005,1260.34
12/13/2005,1268.05
12/14/2005,1272.71
12/15/2005,1270.6
12/16/2005,1268.44
12/19/2005,1260.31
12/20/2005,1259.31
12/21/2005,1261.72
12/22/2005,1267.63
9/21/2006,1316.66
9/22/2006,1314.35
9/25/2006,1327.57
9/26/2006,1336.04
9/27/2006,1336.42
9/28/2006,1339.52
9/29/2006,1336.13
10/2/2006,1332.38
10/3/2006,1333.87
10/4/2006,1349.23
10/5/2006,1353.03
10/6/2006,1347.95
10/9/2006,1350.19
10/10/2006,1352.77
10/11/2006,1349.21
10/12/2006,1362.41
10/13/2006,1364.67
10/16/2006,1369.8
10/17/2006,1364.46
10/18/2006,1365.42
10/19/2006,1366.14
10/20/2006,1368.11
10/23/2006,1376.64
10/24/2006,1376.64
10/25/2006,1383.29
10/26/2006,1389.2
10/27/2006,1375.85
10/30/2006,1377.11
10/31/2006,1379.84
11/1/2006,1367.03
11/2/2006,1367.08
11/3/2006,1364.71
11/6/2006,1381.17
11/7/2006,1384.16
11/8/2006,1384.85
11/9/2006,1378.23
11/10/2006,1379.61
11/13/2006,1384.52
11/14/2006,1394.07
11/15/2006,1396.48
11/16/2006,1400.96
11/17/2006,1400.37
11/20/2006,1400.74
11/21/2006,1402.67
11/22/2006,1405.54
11/24/2006,1400.95
11/27/2006,1382.61
11/28/2006,1386.82
11/29/2006,1400.33
11/30/2006,1403.77
12/1/2006,1393.59
12/4/2006,1409.07
12/5/2006,1413.96
12/6/2006,1412.79
12/7/2006,1408.59
12/8/2006,1409.61
12/11/2006,1412.76
12/12/2006,1410.98
12/13/2006,1413.85
12/14/2006,1426.93
12/15/2006,1426.62
6/22/2006,1245.44
6/23/2006,1246.7
6/26/2006,1250.19
6/27/2006,1240.19
6/28/2006,1245.27
6/29/2006,1271.13
6/30/2006,1271.39
7/3/2006,1280.19
7/5/2006,1269.52
7/6/2006,1274.12
7/7/2006,1265.41
7/10/2006,1267.32
7/11/2006,1273.08
7/12/2006,1259.09
7/13/2006,1242.89
7/14/2006,1235.38
7/17/2006,1236.16
7/18/2006,1235.01
7/19/2006,1260.18
7/20/2006,1250.5
7/21/2006,1241.61
7/24/2006,1260.87
7/25/2006,1270.61
7/26/2006,1270.08
7/27/2006,1264.07
7/28/2006,1279.7
7/31/2006,1277.98
8/1/2006,1271.01
8/2/2006,1278.62
8/3/2006,1281.64
8/4/2006,1277.68
8/7/2006,1275.12
8/8/2006,1270.55
8/9/2006,1267.11
8/10/2006,1272.37
8/11/2006,1266.83
8/14/2006,1268.46
8/15/2006,1285.71
8/16/2006,1295.92
8/17/2006,1297.75
8/18/2006,1301.94
8/21/2006,1298.61
8/22/2006,1299.2
8/23/2006,1291.93
8/24/2006,1295.35
8/25/2006,1296.33
8/28/2006,1301.76
8/29/2006,1304.08
8/30/2006,1304.87
8/31/2006,1305.55
9/1/2006,1310.21
9/5/2006,1313.47
9/6/2006,1300.24
9/7/2006,1294.2
9/8/2006,1299.41
9/11/2006,1298.36
9/12/2006,1313.1
9/13/2006,1316.92
9/14/2006,1316.16
9/15/2006,1321.11
9/18/2006,1320.81
9/19/2006,1318.06
9/20/2006,1325.75
12/23/2005,1268.77
12/27/2005,1257.94
12/28/2005,1260.1
12/29/2005,1254.58
12/30/2005,1251.96
1/3/2006,1269.38
1/4/2006,1273.19
1/5/2006,1272.79
1/6/2006,1285.16
1/9/2006,1290.08
1/10/2006,1288.43
1/11/2006,1294.49
1/12/2006,1285.62
1/13/2006,1286.84
1/17/2006,1282.55
1/18/2006,1277.73
1/19/2006,1285.43
1/20/2006,1261.89
1/23/2006,1263.78
1/24/2006,1268.03
1/25/2006,1264.43
1/26/2006,1273.62
1/27/2006,1284.32
1/30/2006,1284.49
1/31/2006,1280.58
2/1/2006,1283.32
2/2/2006,1271.21
2/3/2006,1263.15
2/6/2006,1266.17
2/7/2006,1256.05
2/8/2006,1265.93
2/9/2006,1263.07
2/10/2006,1266.9
2/13/2006,1262.19
2/14/2006,1275.45
2/15/2006,1279.08
2/16/2006,1287.95
2/17/2006,1286.93
2/21/2006,1284.52
2/22/2006,1293.72
2/23/2006,1288.64
2/24/2006,1289.88
2/27/2006,1295.2
2/28/2006,1281.93
3/1/2006,1291.5
3/2/2006,1288.96
3/3/2006,1288.71
3/6/2006,1278.28
3/7/2006,1275.96
3/8/2006,1279.94
3/9/2006,1272.74
3/10/2006,1280.46
3/13/2006,1284.32
3/14/2006,1297.98
3/15/2006,1303.39
3/16/2006,1305.75
3/17/2006,1307.28
3/20/2006,1306.15
3/21/2006,1296.58
3/22/2006,1305.24
3/23/2006,1301.64
3/24/2006,1303.19
3/27/2006,1302.19
3/28/2006,1292.53
3/29/2006,1303.4
3/30/2006,1301.53
3/31/2006,1296.79
4/3/2006,1299.19
4/4/2006,1307.47
4/5/2006,1311.29
4/6/2006,1308.32
4/7/2006,1295.65
4/10/2006,1296.48
4/11/2006,1284.31
4/12/2006,1287.9
4/13/2006,1288.23
4/17/2006,1284.64
4/18/2006,1308.61
4/19/2006,1309.75
4/20/2006,1311.55
4/21/2006,1311.15
4/24/2006,1309.45
4/25/2006,1301.06
4/26/2006,1305.52
4/27/2006,1309.62
4/28/2006,1310.11
5/1/2006,1304.11
5/2/2006,1313.36
5/3/2006,1309
5/4/2006,1312.28
5/5/2006,1325.55
5/8/2006,1324.83
5/9/2006,1325.16
5/10/2006,1321.81
5/11/2006,1304.29
5/12/2006,1291.63
5/15/2006,1292.1
5/16/2006,1292.62
5/17/2006,1273.71
5/18/2006,1262.55
5/19/2006,1265.96
5/22/2006,1265.42
5/23/2006,1261.43
5/24/2006,1261.31
5/25/2006,1270.78
5/26/2006,1280.12
5/30/2006,1261.33
5/31/2006,1268.23
6/1/2006,1284.77
6/2/2006,1288.42
6/5/2006,1267.27
6/6/2006,1262.8
6/7/2006,1260.2
6/8/2006,1258.87
6/9/2006,1256.45
6/12/2006,1237.35
6/13/2006,1230.57
6/14/2006,1226.74
6/15/2006,1257.53
6/16/2006,1252.38
6/19/2006,1240.61
6/20/2006,1240.79
6/21/2006,1253.43
5/17/2010,1135.91
5/18/2010,1122.72
5/19/2010,1118.38
5/20/2010,1083.05
5/21/2010,1078.83
5/24/2010,1082.33
5/25/2010,1071.19
5/26/2010,1073.7
5/27/2010,1098.82
5/28/2010,1098.71
6/1/2010,1079.19
6/2/2010,1093.68
6/3/2010,1103.82
6/4/2010,1062.68
6/7/2010,1050.83
6/8/2010,1061.59
6/9/2010,1054.55
6/10/2010,1085.18
6/11/2010,1089.35
6/14/2010,1092.36
6/15/2010,1114.1
6/16/2010,1112.13
6/17/2010,1111.07
6/18/2010,1116.48
6/21/2010,1108.88
6/22/2010,1097.38
6/23/2010,1094.6
6/24/2010,1074.54
6/25/2010,1078.98
6/28/2010,1079.03
6/29/2010,1038.54
6/30/2010,1030.11
7/1/2010,1028.03
7/2/2010,1027.98
7/6/2010,1025.51
7/7/2010,1058.24
7/8/2010,1069.5
7/9/2010,1077.76
7/12/2010,1078.57
7/13/2010,1098.02
7/14/2010,1090.19
7/15/2010,1095.01
7/16/2010,1066.48
7/19/2010,1070.41
7/20/2010,1081.63
7/21/2010,1067.38
7/22/2010,1091.33
7/23/2010,1098.6
7/26/2010,1112.89
7/27/2010,1113.68
7/28/2010,1107.02
7/29/2010,1103.94
7/30/2010,1104.74
8/2/2010,1126.63
8/3/2010,1119.68
8/4/2010,1128.1
8/5/2010,1125.07
8/6/2010,1120.17
8/9/2010,1128.52
8/10/2010,1124.05
8/11/2010,1089.46
8/12/2010,1083.29
8/13/2010,1080.93
8/16/2010,1079.72
8/17/2010,1095.77
8/18/2010,1095.6
8/19/2010,1075.94
8/20/2010,1072.55
8/23/2010,1068.44
8/24/2010,1054.15
8/25/2010,1058.72
8/26/2010,1052.39
8/27/2010,1064.68
8/30/2010,1053.28
8/31/2010,1047.33
9/1/2010,1080.39
9/2/2010,1088.25
9/3/2010,1103.16
9/7/2010,1094.06
9/8/2010,1097.99
9/9/2010,1106.15
9/10/2010,1109.45
9/13/2010,1122.7
9/14/2010,1123.43
9/15/2010,1124.81
9/16/2010,1124.21
9/17/2010,1125.95
9/20/2010,1143.98
9/21/2010,1139.81
9/22/2010,1135.12
9/23/2010,1122.87
9/24/2010,1147.6
9/27/2010,1145.13
9/28/2010,1146.88
9/29/2010,1141.02
9/30/2010,1143.5
10/1/2010,1146.18
10/4/2010,1136
10/5/2010,1161.3
10/6/2010,1158.66
10/7/2010,1158.55
10/8/2010,1167.31
10/11/2010,1163.17
10/12/2010,1171.12
10/13/2010,1180.61
10/14/2010,1170.95
10/15/2010,1174.81
10/18/2010,1185.32
10/19/2010,1163.11
10/20/2010,1178.64
10/21/2010,1179.27
10/22/2010,1181.03
10/25/2010,1189.26
10/26/2010,1185.32
10/27/2010,1180.56
10/28/2010,1184.68
10/29/2010,1185.32
11/1/2010,1180.82
11/2/2010,1192.69
11/3/2010,1194.62
11/4/2010,1219.81
11/5/2010,1221.39
11/8/2010,1224.19
11/9/2010,1211.53
11/10/2010,1216.22
11/11/2010,1211.52
11/12/2010,1197.19
11/15/2010,1200.05
11/16/2010,1176.41
11/17/2010,1178.12
11/18/2010,1196.16
11/19/2010,1197.58
11/22/2010,1197.72
11/23/2010,1180.97
11/24/2010,1197.15
11/26/2010,1189.4
11/29/2010,1188.6
11/30/2010,1182.28
12/1/2010,1206.58
12/2/2010,1221
12/3/2010,1223.45
12/6/2010,1225.78
12/7/2010,1225.06
12/8/2010,1226.12
12/9/2010,1233.18
12/10/2010,1240.22
12/13/2010,1242.53
12/14/2010,1238.88
12/15/2010,1238.48
12/16/2010,1241.87
12/17/2010,1243.75
12/20/2010,1247.98
12/21/2010,1255.61
12/22/2010,1258.08
12/23/2010,1256.45
12/27/2010,1258.3
12/28/2010,1259.81
12/29/2010,1261.91
12/30/2010,1259.24
12/31/2010,1258.76
1/3/2011,1271.49
1/4/2011,1269.22
1/5/2011,1275.76
1/6/2011,1273.3
1/7/2011,1271.23
1/10/2011,1267.79
1/11/2011,1276.65
1/12/2011,1283.85
1/13/2011,1281.55
1/14/2011,1291.3
1/18/2011,1295.74
1/19/2011,1281.38
1/20/2011,1280.44
1/21/2011,1283.16
1/24/2011,1289.73
1/25/2011,1288.52
1/26/2011,1297.7
1/27/2011,1300.61
1/28/2011,1276.25
1/31/2011,1284.92
2/1/2011,1307.51
2/2/2011,1303.83
2/3/2011,1308.32
2/4/2011,1309.29
2/7/2011,1319.05
2/8/2011,1323.58
2/9/2011,1318.97
2/10/2011,1320.63
2/11/2011,1329.63
2/14/2011,1332.4
2/15/2011,1326.38
2/16/2011,1336.53
2/17/2011,1341.05
2/18/2011,1340.78
2/22/2011,1313.1
2/23/2011,1310.18
2/24/2011,1307.94
2/25/2011,1318.72
2/28/2011,1325.92
3/1/2011,1308.67
3/2/2011,1309.28
3/3/2011,1331.62
3/4/2011,1315.99
3/7/2011,1312.97
3/8/2011,1324.46
3/9/2011,1318.55
3/10/2011,1298.9
3/11/2011,1306.54
3/14/2011,1296.98
3/15/2011,1287.97
3/16/2011,1261.74
3/17/2011,1273.56
3/18/2011,1278.51
3/21/2011,1297.27
3/22/2011,1295.06
3/23/2011,1299.11
3/24/2011,1310.01
3/25/2011,1315.75
3/28/2011,1312.91
3/29/2011,1318.01
3/30/2011,1329.51
3/31/2011,1328.26
4/1/2011,1332
4/4/2011,1331.92
4/5/2011,1333.28
4/6/2011,1336.28
4/7/2011,1332.88
4/8/2011,1326.48
4/11/2011,1323.06
4/12/2011,1313.29
4/13/2011,1316.09
4/14/2011,1315.49
4/15/2011,1318.32
4/18/2011,1303.62
4/19/2011,1311.7
4/20/2011,1330.98
4/21/2011,1336.28
4/25/2011,1335.7
4/26/2011,1346.93
4/27/2011,1356.66
4/28/2011,1361.32
4/29/2011,1362.78
5/2/2011,1358.72
5/3/2011,1354.75
5/4/2011,1347.48
5/5/2011,1334.96
5/6/2011,1342.26
5/9/2011,1346.62
5/10/2011,1358.26
5/11/2011,1339.26
5/12/2011,1348.65
5/13/2011,1337.94
5/16/2011,1328.84
5/17/2011,1327.71
5/18/2011,1341.43
5/19/2011,1342.29
5/20/2011,1336.16
5/23/2011,1317.21
5/24/2011,1318.27
5/25/2011,1323.47
5/26/2011,1327.33
5/27/2011,1331.01
5/31/2011,1342.06
6/1/2011,1315.53
6/2/2011,1314.76
6/3/2011,1302.53
6/6/2011,1288.69
6/7/2011,1287.62
6/8/2011,1279.31
6/9/2011,1291.78
6/10/2011,1273.41
6/13/2011,1271.31
6/14/2011,1288.32
6/15/2011,1266.25
6/16/2011,1266.14
6/17/2011,1272.59
6/20/2011,1278.18
6/21/2011,1293.53
6/22/2011,1289.07
6/23/2011,1277.21
6/24/2011,1269.33
6/27/2011,1282.5
6/28/2011,1294.46
6/29/2011,1307.22
6/30/2011,1321.27
7/1/2011,1340.14
7/5/2011,1338.85
7/6/2011,1338.48
7/7/2011,1354.82
7/8/2011,1342.55
7/11/2011,1319.11
7/12/2011,1317.35
7/13/2011,1315.99
7/14/2011,1310.24
7/15/2011,1315.7
7/18/2011,1303.48
7/19/2011,1326.05
7/20/2011,1327.16
7/21/2011,1343.75
7/22/2011,1343.11
7/25/2011,1338.56
7/26/2011,1332.55
7/27/2011,1306.44
7/28/2011,1300.21
7/29/2011,1295.13
8/1/2011,1287.93
8/2/2011,1258.52
8/3/2011,1258.52
8/4/2011,1204.68
8/5/2011,1201.5
8/8/2011,1130.89
8/9/2011,1152.57
8/10/2011,1132.24
8/11/2011,1184.87
8/12/2011,1177.52
8/15/2011,1201.63
8/16/2011,1197.45
8/17/2011,1191.75
8/18/2011,1131.89
8/19/2011,1126.45
8/22/2011,1128.78
8/23/2011,1157.07
8/24/2011,1178.55
8/25/2011,1155.88
8/26/2011,1174.47
8/29/2011,1208.91
8/30/2011,1219.88
8/31/2011,1219.48
9/1/2011,1206.06
9/2/2011,1176.77
9/6/2011,1160.31
9/7/2011,1195.06
9/8/2011,1190.24
9/9/2011,1155.14
9/12/2011,1153.4
9/13/2011,1174.83
9/14/2011,1195.77
9/15/2011,1208.79
9/16/2011,1212.72
9/19/2011,1208.85
9/20/2011,1205.2
9/21/2011,1177.16
9/22/2011,1124.58
9/23/2011,1136.04
9/26/2011,1158.83
9/27/2011,1178.24
9/28/2011,1156.2
9/29/2011,1153.54
9/30/2011,1142.08
10/3/2011,1105.71
10/4/2011,1107.8
10/5/2011,1145.13
10/6/2011,1161.84
10/7/2011,1164.78
10/10/2011,1186.57
10/11/2011,1196.4
10/12/2011,1214.9
10/13/2011,1201.42
10/14/2011,1220.91
10/17/2011,1205.72
10/18/2011,1225.26
10/19/2011,1210.82
10/20/2011,1215.67
10/21/2011,1231.56
10/24/2011,1253.87
10/25/2011,1233.55
10/26/2011,1245.89
10/27/2011,1288.33
10/28/2011,1285.3
10/31/2011,1260.2
11/1/2011,1223.94
11/2/2011,1235.46
11/3/2011,1261.08
11/4/2011,1253.02
11/7/2011,1258.67
11/8/2011,1274.26
11/9/2011,1227.13
11/10/2011,1238.27
11/11/2011,1261.63
11/14/2011,1252.92
11/15/2011,1261.62
11/16/2011,1240.07
11/17/2011,1209.52
11/18/2011,1216.32
11/21/2011,1197.03
11/22/2011,1187.55
11/23/2011,1171.25
11/25/2011,1158.67
11/28/2011,1186.86
11/29/2011,1197.86
11/30/2011,1242.17
12/1/2011,1244.44
12/2/2011,1246.04
12/5/2011,1252.01
12/6/2011,1261.2
12/7/2011,1264.79
12/8/2011,1238.91
12/9/2011,1258.24
12/12/2011,1235.44
12/13/2011,1222.49
12/14/2011,1212.09
12/15/2011,1218.06
12/16/2011,1217.78
12/19/2011,1204.01
12/20/2011,1241.61
12/21/2011,1243.61
12/22/2011,1253.48
12/23/2011,1263.6
12/27/2011,1266.34
12/28/2011,1250.74
12/29/2011,1262.84
12/30/2011,1260.56
1/3/2012,1279.96
1/4/2012,1278.49
1/5/2012,1281.59
1/6/2012,1279.09
1/9/2012,1281.36
1/10/2012,1291.1
1/11/2012,1293.02
1/12/2012,1295.75
1/13/2012,1288.35
1/17/2012,1293.54
1/18/2012,1306.72
1/19/2012,1314.44
1/20/2012,1313.18
1/23/2012,1317.09
1/24/2012,1312.97
1/25/2012,1326.5
1/26/2012,1317.55
1/27/2012,1319.44
1/30/2012,1310.93
1/31/2012,1312.3
2/1/2012,1326
2/2/2012,1326.81
2/3/2012,1342.76
2/6/2012,1343.66
2/7/2012,1348.78
2/8/2012,1349.73
2/9/2012,1351.7
2/10/2012,1340.22
2/13/2012,1351.69
2/14/2012,1346.72
2/15/2012,1344.05
2/16/2012,1358.43
2/17/2012,1361.58
2/21/2012,1361.21
2/22/2012,1358.85
2/23/2012,1363.2
2/24/2012,1365.2
2/27/2012,1370.13
2/28/2012,1372.63
2/29/2012,1366.36
3/1/2012,1371.62
3/2/2012,1369.43
3/5/2012,1364.2
3/6/2012,1342.79
3/7/2012,1354.24
3/8/2012,1367.21
3/9/2012,1371.06
3/12/2012,1370.43
3/13/2012,1394.43
3/14/2012,1393.05
3/15/2012,1401.81
3/16/2012,1404.9
3/19/2012,1410.21
3/20/2012,1405.43
3/21/2012,1405.68
3/22/2012,1393.06
3/23/2012,1397.16
3/26/2012,1414.55
3/27/2012,1414.66
3/28/2012,1404.56
3/29/2012,1402.88
3/30/2012,1408.87
4/2/2012,1419.26
4/3/2012,1410.05
4/4/2012,1400
4/5/2012,1398.05
4/9/2012,1384.69
4/10/2012,1359.88
4/11/2012,1367.76
4/12/2012,1387.16
4/13/2012,1374.08
4/16/2012,1372.42
4/17/2012,1391.42
4/18/2012,1387.04
4/19/2012,1376.55
4/20/2012,1379.45
4/23/2012,1367.3
4/24/2012,1371.29
4/25/2012,1389.69
4/26/2012,1400.01
4/27/2012,1404.23
4/30/2012,1397.89
5/1/2012,1408.36
5/2/2012,1402.45
5/3/2012,1392.18
5/4/2012,1371.94
5/7/2012,1371.63
5/8/2012,1364.18
5/9/2012,1358.62
5/10/2012,1358.36
5/11/2012,1354.03
5/14/2012,1339.04
5/15/2012,1331.23
5/16/2012,1326.43
5/17/2012,1306.68
5/18/2012,1292.64
5/21/2012,1314.6
5/22/2012,1312.46
5/23/2012,1320.15
5/24/2012,1316.9
5/25/2012,1317.26
5/29/2012,1332.74
5/30/2012,1314.34
5/31/2012,1315.89
6/1/2012,1278.35
6/4/2012,1275.72
6/5/2012,1286.61
6/6/2012,1310.48
6/7/2012,1315.92
6/8/2012,1323.58
6/11/2012,1315.95
6/12/2012,1323.72
6/13/2012,1312.07
6/14/2012,1328.11
6/15/2012,1340.22
6/18/2012,1344.85
6/19/2012,1359
6/20/2012,1354.37
6/21/2012,1328.01
6/22/2012,1335.69
6/25/2012,1314.68
6/26/2012,1323.37
6/27/2012,1333.36
6/28/2012,1325.02
6/29/2012,1358.27
7/2/2012,1363.32
7/3/2012,1374.02
7/5/2012,1369.54
7/6/2012,1354.74
7/9/2012,1351.3
7/10/2012,1337.75
7/11/2012,1340.46
7/12/2012,1338.96
7/13/2012,1357.48
7/16/2012,1352.8
7/17/2012,1361.67
7/18/2012,1373.2
7/19/2012,1377.16
7/20/2012,1363.88
7/23/2012,1351.77
7/24/2012,1335.88
7/25/2012,1336.85
7/26/2012,1362.07
7/27/2012,1388.04
7/30/2012,1384.61
7/31/2012,1381.76
8/1/2012,1379.35
8/2/2012,1363.31
8/3/2012,1390
8/6/2012,1397.66
8/7/2012,1402.77
8/8/2012,1402.21
8/9/2012,1403.52
8/10/2012,1404.74
8/13/2012,1403.64
8/14/2012,1402.47
8/15/2012,1405.94
8/16/2012,1415.65
8/17/2012,1416.85
8/20/2012,1417.36
8/21/2012,1412.99
8/22/2012,1414.14
8/23/2012,1403.24
8/24/2012,1411.99
8/27/2012,1410.89
8/28/2012,1410.53
8/29/2012,1412.26
8/30/2012,1403.02
8/31/2012,1405.06
9/4/2012,1405.37
9/5/2012,1404.16
9/6/2012,1430.37
9/7/2012,1435.79
9/10/2012,1430.56
9/11/2012,1433.27
9/12/2012,1436.14
9/13/2012,1461.46
9/14/2012,1464.16
9/17/2012,1459.5
9/18/2012,1457.82
9/19/2012,1463.78
9/20/2012,1459.39
9/21/2012,1461.69
9/24/2012,1458.65
9/25/2012,1444.55
9/26/2012,1434.35
9/27/2012,1448.43
9/28/2012,1440.37
10/1/2012,1443.47
10/2/2012,1444.09
10/3/2012,1450.95
10/4/2012,1460.91
10/5/2012,1457.87
10/8/2012,1456.31
10/9/2012,1442.99
10/10/2012,1432.9
10/11/2012,1434.7
10/12/2012,1428.68
10/15/2012,1438.55
10/16/2012,1454.39
10/17/2012,1462.1
10/18/2012,1458.3
10/19/2012,1434.11
10/22/2012,1428.27
10/23/2012,1412.47
10/24/2012,1407.99
10/25/2012,1411.32
10/26/2012,1413.91
10/31/2012,1413.34
11/1/2012,1426.09
11/2/2012,1416.06
11/5/2012,1418.57
11/6/2012,1427.32
11/7/2012,1400.89
11/8/2012,1381.9
11/9/2012,1382.57
11/12/2012,1381.47
11/13/2012,1376.05
11/14/2012,1356.07
11/15/2012,1353.1
11/16/2012,1361.9
11/19/2012,1382.78
11/20/2012,1384.76
11/21/2012,1390.66
11/23/2012,1409.15
11/26/2012,1404.01
11/27/2012,1400.47
11/28/2012,1408.71
11/29/2012,1417.38
11/30/2012,1414.59
12/3/2012,1412.19
12/4/2012,1408.57
12/5/2012,1410.82
12/6/2012,1413.03
12/7/2012,1417.01
12/10/2012,1419.79
12/11/2012,1428.3
12/12/2012,1427.74
12/13/2012,1422.12
12/14/2012,1414.47
12/17/2012,1426.99
12/18/2012,1443.55
12/19/2012,1440.93
12/20/2012,1441.54
12/21/2012,1431.33
12/24/2012,1426.66
12/26/2012,1419.86
12/27/2012,1420.16
12/28/2012,1405.66
12/31/2012,1420.9
1/2/2013,1456.91
1/3/2013,1457.84
1/4/2013,1467.88
1/7/2013,1461.78
1/8/2013,1455.64
1/9/2013,1459.18
1/10/2013,1471.53
1/11/2013,1472.26
1/14/2013,1469.79
1/15/2013,1473.22
1/16/2013,1472.66
1/17/2013,1483.67
1/18/2013,1483.87
1/22/2013,1491.1
1/23/2013,1494.23
1/24/2013,1497.72
1/25/2013,1499.97
1/28/2013,1501.56
1/29/2013,1509.06
1/30/2013,1501.14
1/31/2013,1499.01
2/1/2013,1513.31
2/4/2013,1497.77
2/5/2013,1512.93
2/6/2013,1511
2/7/2013,1508.09
2/8/2013,1516.16
2/11/2013,1518
2/12/2013,1519.65
2/13/2013,1517.9
2/14/2013,1521.36
2/15/2013,1518.92
2/19/2013,1529.08
2/20/2013,1514.13
2/21/2013,1503.85
2/22/2013,1514.11
2/25/2013,1496.93
2/26/2013,1498.42
2/27/2013,1519
2/28/2013,1519.77
3/1/2013,1515.68
3/4/2013,1523.13
3/5/2013,1541.43
3/6/2013,1539.9
3/7/2013,1544.44
3/8/2013,1552.28
3/11/2013,1554.16
3/12/2013,1552.76
3/13/2013,1554.37
3/14/2013,1562.76
3/15/2013,1560.1
3/18/2013,1550.75
3/19/2013,1545.56
3/20/2013,1561.31
3/21/2013,1548.09
3/22/2013,1554.73
3/25/2013,1550.58
3/26/2013,1563.55
3/27/2013,1563.69
3/28/2013,1568.3
4/1/2013,1560.04
4/2/2013,1565.88
4/3/2013,1554.07
4/4/2013,1558.07
4/5/2013,1551.59
4/8/2013,1560.48
4/9/2013,1569.72
4/10/2013,1588.43
4/11/2013,1592.23
4/12/2013,1587.95
4/15/2013,1556.83
4/16/2013,1574.13
4/17/2013,1550.97
4/18/2013,1543.34
4/19/2013,1555.49
4/22/2013,1564.19
4/23/2013,1577.41
4/24/2013,1579.07
4/25/2013,1586.16
4/26/2013,1585.02
4/29/2013,1594.58
4/30/2013,1596.03
5/1/2013,1581.86
5/2/2013,1597.49
5/3/2013,1615.66
5/6/2013,1618.67
5/7/2013,1625.36
5/8/2013,1631.61
5/9/2013,1626.22
5/10/2013,1630.42
5/13/2013,1633.34
5/14/2013,1649.76
5/15/2013,1656.91
5/16/2013,1650.87
5/17/2013,1666.27
5/20/2013,1666.47
5/21/2013,1670.1
5/22/2013,1653.26
5/23/2013,1650.74
5/24/2013,1645.69
5/28/2013,1661.9
5/29/2013,1650.73
5/30/2013,1657.63
5/31/2013,1641.53
6/3/2013,1637.25
6/4/2013,1636.73
6/5/2013,1612.44
6/6/2013,1618.36
6/7/2013,1640.63
6/10/2013,1643.49
6/11/2013,1627.19
6/12/2013,1612.71
6/13/2013,1637.13
6/14/2013,1626.15
6/17/2013,1639.38
6/18/2013,1651.61
6/19/2013,1636.14
6/20/2013,1586.73
6/21/2013,1593.19
6/24/2013,1579.82
6/25/2013,1591.6
6/26/2013,1604.08
6/27/2013,1614.07
6/28/2013,1613.8
7/1/2013,1613.78
7/2/2013,1611.04
7/3/2013,1615.41
7/5/2013,1628.15
7/8/2013,1639.67
7/9/2013,1653.2
7/10/2013,1652.63
7/11/2013,1676.16
7/12/2013,1677.04
7/15/2013,1682.9
7/16/2013,1675.04
7/17/2013,1679.77
7/18/2013,1687.85
7/19/2013,1691.4
7/22/2013,1694.91
7/23/2013,1693.24
7/24/2013,1685.12
7/25/2013,1690.26
7/26/2013,1689.61
7/29/2013,1686.4
7/30/2013,1687.97
7/31/2013,1688.78
8/1/2013,1707.22
8/2/2013,1707.72
8/5/2013,1707.71
8/6/2013,1698.57
8/7/2013,1692.85
8/8/2013,1698.91
8/9/2013,1691.71
8/12/2013,1689.86
8/13/2013,1694.23
8/14/2013,1686.65
8/15/2013,1661.56
8/16/2013,1659.14
8/19/2013,1646.76
8/20/2013,1655.81
8/21/2013,1647.69
8/22/2013,1658.34
8/23/2013,1662.49
8/26/2013,1660.85
8/27/2013,1631.35
8/28/2013,1637.66
8/29/2013,1639.23
8/30/2013,1630.43
9/3/2013,1640.82
9/4/2013,1652.55
9/5/2013,1654.81
9/6/2013,1658.34
9/9/2013,1670.26
9/10/2013,1682.14
9/11/2013,1686.43
9/12/2013,1684.05
9/13/2013,1686.91
9/16/2013,1695.4
9/17/2013,1704.45
9/18/2013,1725.27
9/19/2013,1723.32
9/20/2013,1711.43
9/23/2013,1703.42
9/24/2013,1700.36
9/25/2013,1695.24
9/26/2013,1696.29
9/27/2013,1691.61
9/30/2013,1679.07
10/1/2013,1691.25
10/2/2013,1691.07
10/3/2013,1681.75
10/4/2013,1688.2
10/7/2013,1679.55
10/8/2013,1660.56
10/9/2013,1658.88
10/10/2013,1689.99
10/11/2013,1700.21
10/14/2013,1709.2
10/15/2013,1698.53
10/16/2013,1718.44
10/17/2013,1731.43
10/18/2013,1741.86
10/21/2013,1743.02
10/22/2013,1756
10/23/2013,1746.33
10/24/2013,1750.83
10/25/2013,1757.77
10/28/2013,1761.3
10/29/2013,1769.68
10/30/2013,1765.55
10/31/2013,1762.32
11/1/2013,1762.29
11/4/2013,1766.75
11/5/2013,1763.77
11/6/2013,1768.84
11/7/2013,1748.18
11/8/2013,1767.61
11/11/2013,1772.04
11/12/2013,1767.69
11/13/2013,1778.74
11/14/2013,1791.52
11/15/2013,1796.8
11/18/2013,1790.92
11/19/2013,1787.48
11/20/2013,1781.01
11/21/2013,1795.95
11/22/2013,1804.15
11/25/2013,1801.82
11/26/2013,1807.53
11/27/2013,1807.63
11/29/2013,1805.81
12/2/2013,1800.4
12/3/2013,1792.75
12/4/2013,1795.89
12/5/2013,1785.31
12/6/2013,1802.22
12/9/2013,1807.91
12/10/2013,1804.23
12/11/2013,1781.64
12/12/2013,1777.84
12/13/2013,1777.69
12/16/2013,1788.11
12/17/2013,1781.52
12/18/2013,1809.85
12/19/2013,1809.91
12/20/2013,1820.2
12/23/2013,1828.61
12/24/2013,1833.32
12/26/2013,1842.57
12/27/2013,1841.26
12/30/2013,1840.1
12/31/2013,1846.06
1/2/2014,1832.29
1/3/2014,1834.46
1/6/2014,1828.48
1/7/2014,1839.38
1/8/2014,1835.13
1/9/2014,1838.7
1/10/2014,1842.23
1/13/2014,1815.99
1/14/2014,1838.32
1/15/2014,1848.47
1/16/2014,1844.15
1/17/2014,1835.9
1/21/2014,1843.11
1/22/2014,1845.37
1/23/2014,1827.25
1/24/2014,1794.98
1/27/2014,1787.25
1/28/2014,1792.39
1/29/2014,1775.29
1/30/2014,1795.76
1/31/2014,1784.89
2/3/2014,1743.18
2/4/2014,1755.41
2/5/2014,1753.6
2/6/2014,1772.81
2/7/2014,1796.65
2/10/2014,1798.71
2/11/2014,1821.24
2/12/2014,1819.25
2/13/2014,1828.98
2/14/2014,1838.44
2/18/2014,1841.71
2/19/2014,1829.52
2/20/2014,1841.06
2/21/2014,1838.76
2/24/2014,1850.83
2/25/2014,1843.86
2/26/2014,1844.95
2/27/2014,1853.14
2/28/2014,1859.42
3/3/2014,1844.31
3/4/2014,1876.08
3/5/2014,1872.17
3/6/2014,1878.25
3/7/2014,1875.34
3/10/2014,1875.95
3/11/2014,1866.11
3/12/2014,1865.28
3/13/2014,1846.88
3/14/2014,1842.74
3/17/2014,1856.97
3/18/2014,1871.16
3/19/2014,1863.42
3/20/2014,1870.49
3/21/2014,1866.07
3/24/2014,1861.52
3/25/2014,1867.77
3/26/2014,1857.35
3/27/2014,1850.01
3/28/2014,1856.12
3/31/2014,1873.12
4/1/2014,1883.3
4/2/2014,1892.97
4/3/2014,1889.43
4/4/2014,1866.43
4/7/2014,1848.64
4/8/2014,1852.92
4/9/2014,1871.5
4/10/2014,1837.87
4/11/2014,1820.35
4/14/2014,1826.05
4/15/2014,1839.25
4/16/2014,1860.63
4/17/2014,1866.42
4/21/2014,1870.32
4/22/2014,1880.36
4/23/2014,1876.23
4/24/2014,1878.22
4/25/2014,1864.73
4/28/2014,1872.99
4/29/2014,1877.5
4/30/2014,1884.66
5/1/2014,1881.04
5/2/2014,1880.22
5/5/2014,1883.09
5/6/2014,1870.35
5/7/2014,1877.47
5/8/2014,1873.89
5/9/2014,1877.88
5/12/2014,1896.73
5/13/2014,1897.69
5/14/2014,1887.47
5/15/2014,1871.23
5/16/2014,1877.07
5/19/2014,1885.36
5/20/2014,1875.11
5/21/2014,1887.54
5/22/2014,1893.97
5/23/2014,1900.88
5/27/2014,1912.26
5/28/2014,1912.71
5/29/2014,1918.24
5/30/2014,1922.29
6/2/2014,1925.17
6/3/2014,1924.33
6/4/2014,1927.96
6/5/2014,1939.57
6/6/2014,1946.3
6/9/2014,1949.56
6/10/2014,1949.51
6/11/2014,1945.67
6/12/2014,1927.79
6/13/2014,1932.2
6/16/2014,1936.67
6/17/2014,1943.58
6/18/2014,1956.96
6/19/2014,1959.19
6/20/2014,1963
6/23/2014,1961.39
6/24/2014,1950.81
6/25/2014,1960.47
6/26/2014,1956.78
6/27/2014,1960.31
6/30/2014,1958.91
7/1/2014,1975.67
7/2/2014,1973.3
7/3/2014,1985.44
7/7/2014,1975.98
7/8/2014,1964.3
7/9/2014,1973.96
7/10/2014,1966.48
7/11/2014,1968.08
7/14/2014,1976.57
7/15/2014,1973.44
7/16/2014,1980.86
7/17/2014,1956.75
7/18/2014,1976.91
7/21/2014,1974.66
7/22/2014,1984.07
7/23/2014,1988.4
7/24/2014,1988.9
7/25/2014,1976.91
7/28/2014,1979.51
7/29/2014,1972.21
7/30/2014,1971.66
7/31/2014,1933.61
8/1/2014,1927.97
8/4/2014,1942.39
8/5/2014,1921.28
8/6/2014,1920.4
8/7/2014,1907.97
8/8/2014,1930.87
8/11/2014,1936.24
8/12/2014,1934.94
8/13/2014,1946.22
8/14/2014,1953.74
8/15/2014,1953.63
8/18/2014,1969.76
8/19/2014,1981.56
8/20/2014,1988.33
8/21/2014,1993.18
8/22/2014,1988.29
8/25/2014,1998.66
8/26/2014,2001.16
8/27/2014,1999.11
8/28/2014,1997.94
8/29/2014,2001.44
9/2/2014,2001.46
9/3/2014,1999.8
9/4/2014,1994.57
9/5/2014,2005.78
9/8/2014,2001.95
9/9/2014,1987.49
9/10/2014,1995.46
9/11/2014,1995.66
9/12/2014,1983.88
9/15/2014,1984.06
9/16/2014,1999.95
9/17/2014,2002.31
9/18/2014,2011.27
9/19/2014,2013.51
9/22/2014,1995.76
9/23/2014,1988.14
9/24/2014,1998.58
9/25/2014,1972.53
9/26/2014,1982.19
9/29/2014,1977.11
9/30/2014,1976.84
10/1/2014,1948.17
10/2/2014,1945.49
10/3/2014,1967.78
10/6/2014,1966.04
10/7/2014,1938.57
10/8/2014,1968.98
10/9/2014,1932.85
10/10/2014,1912.47
10/13/2014,1880.34
10/14/2014,1879.72
10/15/2014,1868.23
10/16/2014,1863.74
10/17/2014,1890.64
10/20/2014,1903.52
10/21/2014,1939.36
10/22/2014,1929.45
10/23/2014,1952.57
10/24/2014,1963.77
10/27/2014,1962.29
10/28/2014,1982.65
10/29/2014,1983.78
10/30/2014,1990.36
10/31/2014,2014.91
11/3/2014,2015.09
11/4/2014,2011.49
11/5/2014,2022.05
11/6/2014,2029.57
11/7/2014,2028.9
11/10/2014,2036.36
11/11/2014,2039.02
11/12/2014,2039.94
11/13/2014,2040.05
11/14/2014,2039.49
11/17/2014,2040.99
11/18/2014,2054.61
11/19/2014,2047.52
11/20/2014,2052.59
11/21/2014,2063.19
11/24/2014,2068.17
11/25/2014,2068.88
11/26/2014,2071.71
11/28/2014,2067.56
12/1/2014,2054.44
12/2/2014,2065.65
12/3/2014,2075.53
12/4/2014,2069.36
12/5/2014,2072
12/8/2014,2059.85
12/9/2014,2057.99
12/10/2014,2029.28
12/11/2014,2039.16
12/12/2014,2008.76
12/15/2014,1993.38
12/16/2014,1979.01
12/17/2014,2014.06
12/18/2014,2053.49
12/19/2014,2075.39
12/22/2014,2077.69
12/23/2014,2084.16
12/24/2014,2081.8799
12/26/2014,2090.55
12/29/2014,2092.83
12/30/2014,2082.3
12/31/2014,2065.12
1/2/2015,2058.25
1/5/2015,2022.79
1/6/2015,2011.14
1/7/2015,2023.98
1/8/2015,2059.31
1/9/2015,2049.56
1/12/2015,2028.16
1/13/2015,2026.57
1/14/2015,2009.49
1/15/2015,1998.87
1/16/2015,2016.45
1/20/2015,2023.75
1/21/2015,2032.82
1/22/2015,2062.3899
1/23/2015,2054.1899
1/26/2015,2054.1399
1/27/2015,2034.04
1/28/2015,2004.0699
1/29/2015,2021.92
1/30/2015,1998.75
2/2/2015,2019.81
2/3/2015,2047.8199
2/4/2015,2042.37
2/5/2015,2062.3899
2/6/2015,2050.63
2/9/2015,2047.86
2/10/2015,2070.6001
2/11/2015,2069.3401
2/12/2015,2087.3201
2/13/2015,2095.27
2/17/2015,2097.3701
2/18/2015,2097.55
2/19/2015,2097.3501
2/20/2015,2109.8
2/23/2015,2107.51
2/24/2015,2117.31
2/25/2015,2112.3
2/26/2015,2110.79
2/27/2015,2104.3301
3/2/2015,2116.7
3/3/2015,2106.8201
3/4/2015,2098.6101
3/5/2015,2101.39
3/6/2015,2067.94
3/9/2015,2080.3301
3/10/2015,2049.8
3/11/2015,2041.83
3/12/2015,2065.84
3/13/2015,2050.56
3/16/2015,2079.51
3/17/2015,2075.69
3/18/2015,2098.92
3/19/2015,2088.96
3/20/2015,2110.76
3/23/2015,2109.27
3/24/2015,2093.8
3/25/2015,2066.08
3/26/2015,2057.85
3/27/2015,2061.92
3/30/2015,2088
3/31/2015,2069.78
4/1/2015,2055.28
4/2/2015,2068.44
4/6/2015,2083.3301
4/7/2015,2079.1201
4/8/2015,2081.07
4/9/2015,2090.55
4/10/2015,2101.98
4/13/2015,2095.36
4/14/2015,2096.19
4/15/2015,2106.98
4/16/2015,2106.35
4/17/2015,2082.07
4/20/2015,2100.02
4/21/2015,2097.46
4/22/2015,2107.07
4/23/2015,2116.09
4/24/2015,2117.75
4/27/2015,2109.44
4/28/2015,2114.19
4/29/2015,2106.16
4/30/2015,2081.73
5/1/2015,2105.42
5/4/2015,2115.6201
5/5/2015,2092.46
5/6/2015,2074.38
5/7/2015,2086.46
5/8/2015,2115.8601
5/11/2015,2108.6799
5/12/2015,2100.51
5/13/2015,2097.53
5/14/2015,2118.76
5/15/2015,2121.21
5/18/2015,2130.69
5/19/2015,2125.94
5/20/2015,2126.86
5/21/2015,2133.11
5/22/2015,2129.73
5/26/2015,2105.57
5/27/2015,2124.53
5/28/2015,2119.76
5/29/2015,2111.92
6/1/2015,2112.86
6/2/2015,2110.08
6/3/2015,2115.06
6/4/2015,2094.71
6/5/2015,2092.07
6/8/2015,2082.3601
6/9/2015,2079.65
6/10/2015,2106.04
6/11/2015,2109.21
6/12/2015,2094.87
6/15/2015,2085.96
6/16/2015,2095.63
6/17/2015,2101.85
6/18/2015,2122.91
6/19/2015,2112.05
6/22/2015,2123.64
6/23/2015,2124.38
6/24/2015,2111.96
6/25/2015,2103.6
6/26/2015,2101.6
6/29/2015,2059.62
6/30/2015,2063.71
7/1/2015,2075.01
7/2/2015,2076.64
7/6/2015,2065.6
7/7/2015,2078.75
7/8/2015,2051.17
7/9/2015,2056.11
7/10/2015,2079.21
7/13/2015,2099.77
7/14/2015,2109.86
7/15/2015,2106
7/16/2015,2123.4
7/17/2015,2125.96
7/20/2015,2127.14
7/21/2015,2119.48
7/22/2015,2110.83
7/23/2015,2101.3
7/24/2015,2078.9399
7/27/2015,2064.6201
7/28/2015,2094.01
7/29/2015,2109.4099
7/30/2015,2109.28
7/31/2015,2103.9099
8/3/2015,2096.51
8/4/2015,2092.9099
8/5/2015,2100.0901
8/6/2015,2083.45
8/7/2015,2075.8501
8/10/2015,2102.95
8/11/2015,2084.98
8/12/2015,2085.79
8/13/2015,2082.99
8/14/2015,2091.45
8/17/2015,2100.99
8/18/2015,2095.21
8/19/2015,2083.47
8/20/2015,2045.77
8/21/2015,1981.84
8/24/2015,1915.27
8/25/2015,1889.85
8/26/2015,1940.57
8/27/2015,1976.74
8/28/2015,1980.52
8/31/2015,1976.85
9/1/2015,1907.45
9/2/2015,1938.4301
9/3/2015,1948.09
9/4/2015,1925.12
9/8/2015,1966.33
9/9/2015,1942.9301
9/10/2015,1947.4301
9/11/2015,1955.4301
9/14/2015,1950.3
9/15/2015,1981.3101
9/16/2015,1995.83
9/17/2015,1995.09
9/18/2015,1954.46
9/21/2015,1963.6801
9/22/2015,1944.1899
9/23/2015,1939.83
9/24/2015,1933.79
9/25/2015,1933.1
9/28/2015,1886.22
9/29/2015,1877.4399
9/30/2015,1918
10/1/2015,1916.62
10/2/2015,1945.86
10/5/2015,1985.17
10/6/2015,1980.09
10/7/2015,1993.24
10/8/2015,2011.59
10/9/2015,2015.91
10/12/2015,2017.0601
10/13/2015,2002.02
10/14/2015,1995.25
10/15/2015,2021.5601
10/16/2015,2031.96
10/19/2015,2031.0699
10/20/2015,2031.74
10/21/2015,2020.45
10/22/2015,2052.2
10/23/2015,2075.05
10/26/2015,2070.52
10/27/2015,2064.6399
10/28/2015,2087.1799
10/29/2015,2092.3899
10/30/2015,2084.25
11/2/2015,2105.8999
11/3/2015,2109.6799
11/4/2015,2099.72
11/5/2015,2102.5801
11/6/2015,2096.27
11/9/2015,2080.4099
11/10/2015,2081.8301
11/11/2015,2077.23
11/12/2015,2049.4299
11/13/2015,2024.51
11/16/2015,2050.04
11/17/2015,2052.5701
11/18/2015,2080.4399
11/19/2015,2080.98
11/20/2015,2089.28
11/23/2015,2085.95
11/24/2015,2090.48
11/25/2015,2090.3301
11/27/2015,2090.1101
11/30/2015,2082.4299
12/1/2015,2100.6699
12/2/2015,2080.8201
12/3/2015,2048.24
12/4/2015,2091.28
12/7/2015,2075.1499
12/8/2015,2063.98
12/9/2015,2048.6899
12/10/2015,2054.99
12/11/2015,2010.72
12/14/2015,2012.66
12/15/2015,2044.9399
12/16/2015,2074.0901
12/17/2015,2051.3501
12/18/2015,2015.79
12/21/2015,2012.87
12/22/2015,2036.66
12/23/2015,2062.6201
12/24/2015,2060.99
12/28/2015,2055.1699
12/29/2015,2077.8501
12/30/2015,2066.1399
12/31/2015,2049.95
1/4/2016,2003.8199
1/5/2016,2017.29
1/6/2016,1989.66
1/7/2016,1945.49
1/8/2016,1927.11
1/11/2016,1929.8199
1/12/2016,1940.99
1/13/2016,1894.53
1/14/2016,1924.86
1/15/2016,1880.05
1/19/2016,1885.27
1/20/2016,1866.46
1/21/2016,1876.53
1/22/2016,1906.1801
1/25/2016,1876.62
1/26/2016,1904.07
1/27/2016,1881.59
1/28/2016,1891.97
1/29/2016,1933.39
2/1/2016,1946.12
2/2/2016,1904.59
2/3/2016,1911.01
2/4/2016,1915.4399
2/5/2016,1876.67
2/8/2016,1853.83
2/9/2016,1853.96
2/10/2016,1853.9301
2/11/2016,1838.51
2/12/2016,1862.02
2/16/2016,1893.34
2/17/2016,1926.58
2/18/2016,1917.86
2/19/2016,1917.32
2/22/2016,1944.4
2/23/2016,1924.24
2/24/2016,1927.89
2/25/2016,1948.0699
2/26/2016,1950.17
2/29/2016,1939.1
3/1/2016,1973.99
3/2/2016,1983.14
3/3/2016,1992.28
3/4/2016,2000.79
3/7/2016,1999.75
3/8/2016,1981.8
3/9/2016,1987.33
3/10/2016,1986.61
3/11/2016,2021.25
3/14/2016,2022.6
3/15/2016,2013.17
3/16/2016,2029.6
3/17/2016,2044.49
3/18/2016,2049.97
3/21/2016,2050.29
3/22/2016,2050.6499
3/23/2016,2036.9301
3/24/2016,2035.04
3/28/2016,2039.35
3/29/2016,2053.8101
3/30/2016,2066.0901
3/31/2016,2061.78
4/1/2016,2073.51
4/4/2016,2062.99
4/5/2016,2046.67
4/6/2016,2064.8
4/7/2016,2039.8101
4/8/2016,2043.6801
4/11/2016,2043.14
4/12/2016,2060.49
4/13/2016,2081.76
4/14/2016,2083.52
4/15/2016,2079.98
4/18/2016,2094.23
4/19/2016,2099.75
4/20/2016,2102.8701
4/21/2016,2092.03
4/22/2016,2089.8101
4/25/2016,2084.8899
4/26/2016,2090.71
4/27/2016,2099.06
4/28/2016,2076.2
4/29/2016,2065.55
5/2/2016,2082.92
5/3/2016,2060.16
5/4/2016,2053.03
5/5/2016,2049.8
5/6/2016,2053.31
5/9/2016,2060.3101
5/10/2016,2083.51
5/11/2016,2065.52
5/12/2016,2065.9
5/13/2016,2048.08
5/16/2016,2067.9299
5/17/2016,2045.13
5/18/2016,2042.02
5/19/2016,2039
5/20/2016,2050.02
5/23/2016,2050.95
5/24/2016,2077.23
5/25/2016,2092.03
5/26/2016,2091.72
5/27/2016,2097.6299
5/31/2016,2095.92
6/1/2016,2100.1799
6/2/2016,2102.8
6/3/2016,2101.29
6/6/2016,2111.53
6/7/2016,2112.3101
6/8/2016,2118.8799
6/9/2016,2116.8501
6/10/2016,2093.77
6/13/2016,2080.1799
6/14/2016,2075.0901
6/15/2016,2074.3401
6/16/2016,2079.33
6/17/2016,2070.78
6/20/2016,2088.22
6/21/2016,2089.8401
6/22/2016,2086.53
6/23/2016,2107.8701
6/24/2016,2042.1
6/27/2016,2001.67
6/28/2016,2033.16
6/29/2016,2069.4399
6/30/2016,2092.96
7/1/2016,2103.4099
7/5/2016,2090.31
7/6/2016,2098.94
7/7/2016,2097.07
7/8/2016,2127.4399
7/11/2016,2138.6799
7/12/2016,2151.8
7/13/2016,2153.45
7/14/2016,2163.67
7/15/2016,2161.3701
7/18/2016,2167.79
7/19/2016,2162.26
7/20/2016,2174.49
7/21/2016,2162.62
7/22/2016,2174.6399
7/25/2016,2166.6001
7/26/2016,2168.5701
7/27/2016,2170.56
7/28/2016,2172.1599
7/29/2016,2174.3799
8/1/2016,2169.5901
8/2/2016,2157.46
8/3/2016,2160.1899
8/4/2016,2164.6799
8/5/2016,2182.05
8/8/2016,2179.1799
8/9/2016,2181.66
8/10/2016,2173.4399
8/11/2016,2187.6599
8/12/2016,2184.56
8/15/2016,2191.6599
8/16/2016,2181.25
8/17/2016,2182.23
8/18/2016,2185.78
8/19/2016,2183.71
8/22/2016,2182.8701
8/23/2016,2187.78
8/24/2016,2172.5601
8/25/2016,2171.96
8/26/2016,2169.4399
8/29/2016,2179.8701
8/30/2016,2175.55
8/31/2016,2171.0801
9/1/2016,2168.3999
9/2/2016,2180.02
9/6/2016,2184.1499
9/7/2016,2185.44
9/8/2016,2182.6001
9/9/2016,2134.55
9/12/2016,2162.81
9/13/2016,2126.17
9/14/2016,2125.1499
9/15/2016,2149.28
9/16/2016,2139.75
9/19/2016,2141.1499
9/20/2016,2143.1101
9/21/2016,2163.54
9/22/2016,2178.78
9/23/2016,2166.6699
9/26/2016,2146.6201
9/27/2016,2159.9199
9/28/2016,2169.15
9/29/2016,2156.31
9/30/2016,2174.39
10/3/2016,2162.53
10/4/2016,2152.15
10/5/2016,2160.75
10/6/2016,2161.04
10/7/2016,2154.96
10/10/2016,2163.6699
10/11/2016,2136.8
10/12/2016,2140.6299
10/13/2016,2134.4199
10/14/2016,2137.79
10/17/2016,2126.49
10/18/2016,2139.96
10/19/2016,2146.5
10/20/2016,2140.3999
10/21/2016,2140.6699
10/24/2016,2150.29
10/25/2016,2143.28
10/26/2016,2140.55
10/27/2016,2133.8301
10/28/2016,2126.54
10/31/2016,2127.72
11/1/2016,2109.3501
11/2/2016,2102.59
11/3/2016,2085.3899
11/4/2016,2087.84
11/7/2016,2126.18
11/8/2016,2143.17
11/9/2016,2164.35
11/10/2016,2167.9
11/11/2016,2162.1
11/14/2016,2163.04
11/15/2016,2179.9199
11/16/2016,2176.46
11/17/2016,2186.1599
11/18/2016,2184.5801
11/21/2016,2196.03
11/22/2016,2203.3701
11/23/2016,2203.74
11/25/2016,2213.3501
11/28/2016,2201.29
11/29/2016,2204.1399
11/30/2016,2203.8101
12/1/2016,2189.1399
12/2/2016,2191.9399
12/5/2016,2204.5701
12/6/2016,2209.8799
12/7/2016,2239.8799
12/8/2016,2247.1201
12/9/2016,2257.9199
12/12/2016,2255.5901
12/13/2016,2274.24
12/14/2016,2258.65
12/15/2016,2263.23
12/16/2016,2254.3799
12/19/2016,2261.3601
12/20/2016,2268.8501
12/21/2016,2266.8501
12/22/2016,2259.45
12/23/2016,2262.6699
12/27/2016,2270.02
12/28/2016,2249.53
12/29/2016,2248.51
12/30/2016,2235.9299
1/3/2017,2252.9199
1/4/2017,2272.1599
1/5/2017,2267.5801
1/6/2017,2279.9099
1/9/2017,2271.74
1/10/2017,2272.26
1/11/2017,2272.97
1/12/2017,2270.02
1/13/2017,2275.8401
1/17/2017,2266.0701
1/18/2017,1945.86
1/19/2017,1945.86
1/20/2017,1945.86
